TIMESTAMP,TRACK_ID,OBJECT_TYPE,X,Y,CITY_NAME
315971160.67086923,00000000-0000-0000-0000-000000000000,AV,169.34703024597445,2337.872477394384,MIA
315971160.67086923,00000000-0000-0000-0000-000000019087,OTHERS,193.87120437376842,2335.928444172005,MIA
315971160.67086923,00000000-0000-0000-0000-000000019095,OTHERS,201.5525977477673,2336.704348449156,MIA
315971160.67086923,00000000-0000-0000-0000-000000019017,OTHERS,199.7937971110367,2336.918521762237,MIA
315971160.67086923,00000000-0000-0000-0000-000000019086,OTHERS,196.2335796760849,2334.7955778211644,MIA
315971160.67086923,00000000-0000-0000-0000-000000019083,OTHERS,175.95000312153724,2333.3733888961483,MIA
315971160.67086923,00000000-0000-0000-0000-000000019059,OTHERS,119.95141489470785,2325.1513072407906,MIA
315971160.67086923,00000000-0000-0000-0000-000000019072,AGENT,148.03647413339328,2326.752675066823,MIA
315971160.67086923,00000000-0000-0000-0000-000000019099,OTHERS,197.090973461156,2336.606818048844,MIA
315971160.67086923,00000000-0000-0000-0000-000000019082,OTHERS,164.71145105506838,2367.988511624723,MIA
315971160.67086923,00000000-0000-0000-0000-000000019093,OTHERS,101.97105608005673,2324.056290966435,MIA
315971160.67086923,00000000-0000-0000-0000-000000019067,OTHERS,137.7971575756367,2325.9549184119314,MIA
315971160.67086923,00000000-0000-0000-0000-000000019063,OTHERS,154.0397398033023,2361.9254485054666,MIA
315971160.67086923,00000000-0000-0000-0000-000000019038,OTHERS,154.29304266210548,2350.7460334644875,MIA
315971160.67086923,00000000-0000-0000-0000-000000019055,OTHERS,172.43034454340287,2334.9276590176155,MIA
315971160.67086923,00000000-0000-0000-0000-000000019040,OTHERS,196.7772304319833,2334.815262148309,MIA
315971160.85551584,00000000-0000-0000-0000-000000000000,AV,167.88104566598645,2337.663931464845,MIA
315971160.85551584,00000000-0000-0000-0000-000000019087,OTHERS,194.91829305817586,2335.878769361935,MIA
315971160.85551584,00000000-0000-0000-0000-000000019040,OTHERS,201.56330792999515,2337.0790422085447,MIA
315971160.85551584,00000000-0000-0000-0000-000000019093,OTHERS,103.49203900888024,2324.447880280989,MIA
315971160.85551584,00000000-0000-0000-0000-000000019038,OTHERS,154.29611382290375,2350.74152458182,MIA
315971160.85551584,00000000-0000-0000-0000-000000019055,OTHERS,172.6131978759338,2334.894120237515,MIA
315971160.85551584,00000000-0000-0000-0000-000000019104,OTHERS,136.13171566122628,2326.5088619420003,MIA
315971160.85551584,00000000-0000-0000-0000-000000019099,OTHERS,197.77733286858128,2336.7366611788752,MIA
315971160.85551584,00000000-0000-0000-0000-000000019095,OTHERS,203.3656532946792,2336.778106987623,MIA
315971160.85551584,00000000-0000-0000-0000-000000019097,OTHERS,86.63191908119589,2324.651323361748,MIA
315971160.85551584,00000000-0000-0000-0000-000000019017,OTHERS,197.84176693994462,2334.791154329085,MIA
315971160.85551584,00000000-0000-0000-0000-000000019086,OTHERS,196.23357965926778,2334.7955778226365,MIA
315971160.85551584,00000000-0000-0000-0000-000000019059,OTHERS,121.60512241822808,2325.157234903561,MIA
315971160.85551584,00000000-0000-0000-0000-000000019072,AGENT,148.9457010117835,2326.992088074097,MIA
315971160.85551584,00000000-0000-0000-0000-000000019067,OTHERS,138.4798977203101,2325.859544657794,MIA
315971160.85551584,00000000-0000-0000-0000-000000019063,OTHERS,153.98816540321866,2361.8474352429143,MIA
315971161.0545739,00000000-0000-0000-0000-000000000000,AV,166.5794551948341,2337.4002625314456,MIA
315971161.0545739,00000000-0000-0000-0000-000000019017,OTHERS,199.89057369992,2336.826196605233,MIA
315971161.0545739,00000000-0000-0000-0000-000000019087,OTHERS,196.4991789638001,2335.991370328953,MIA
315971161.0545739,00000000-0000-0000-0000-000000019040,OTHERS,205.08986355997536,2336.866509979594,MIA
315971161.0545739,00000000-0000-0000-0000-000000019093,OTHERS,105.93061451054577,2324.507953021869,MIA
315971161.0545739,00000000-0000-0000-0000-000000019067,OTHERS,139.59446602418205,2325.8494813140755,MIA
315971161.0545739,00000000-0000-0000-0000-000000019038,OTHERS,154.28785603840902,2350.7428005834226,MIA
315971161.0545739,00000000-0000-0000-0000-000000019055,OTHERS,173.13410045032424,2335.0317030998112,MIA
315971161.0545739,00000000-0000-0000-0000-000000019097,OTHERS,87.10168249000407,2324.517008739596,MIA
315971161.0545739,00000000-0000-0000-0000-000000019114,OTHERS,222.1869218300148,2342.1260771692723,MIA
315971161.0545739,00000000-0000-0000-0000-000000019063,OTHERS,153.94059085649005,2361.9176857715124,MIA
315971161.0545739,00000000-0000-0000-0000-000000019095,OTHERS,204.1416808106116,2336.883048611481,MIA
315971161.0545739,00000000-0000-0000-0000-000000019104,OTHERS,137.29545166137586,2326.521716636253,MIA
315971161.0545739,00000000-0000-0000-0000-000000019108,OTHERS,168.36649440212034,2331.649067582809,MIA
315971161.0545739,00000000-0000-0000-0000-000000019099,OTHERS,198.51618374328686,2336.734689633718,MIA
315971161.0545739,00000000-0000-0000-0000-000000019082,OTHERS,163.53041604143837,2365.839326057493,MIA
315971161.0545739,00000000-0000-0000-0000-000000019059,OTHERS,123.22866734582328,2325.319560158004,MIA
315971161.0545739,00000000-0000-0000-0000-000000019072,AGENT,149.72030421325718,2327.12756731969,MIA
315971161.26554745,00000000-0000-0000-0000-000000000000,AV,165.20816451147866,2337.114471413192,MIA
315971161.26554745,00000000-0000-0000-0000-000000019017,OTHERS,201.47353133943366,2336.9980849280428,MIA
315971161.26554745,00000000-0000-0000-0000-000000019087,OTHERS,197.97601528341644,2336.1842982799412,MIA
315971161.26554745,00000000-0000-0000-0000-000000019040,OTHERS,206.44570326505814,2337.2711438149913,MIA
315971161.26554745,00000000-0000-0000-0000-000000019093,OTHERS,106.75541542425819,2324.5213841920026,MIA
315971161.26554745,00000000-0000-0000-0000-000000019063,OTHERS,153.94925984005312,2361.913404027525,MIA
315971161.26554745,00000000-0000-0000-0000-000000019067,OTHERS,140.77399607677074,2325.8685167053227,MIA
315971161.26554745,00000000-0000-0000-0000-000000019114,OTHERS,220.70664316174808,2342.451258273671,MIA
315971161.26554745,00000000-0000-0000-0000-000000019104,OTHERS,138.2998246856038,2326.576587013324,MIA
315971161.26554745,00000000-0000-0000-0000-000000019038,OTHERS,154.2812636715278,2350.734605428645,MIA
315971161.26554745,00000000-0000-0000-0000-000000019055,OTHERS,173.00978915467903,2334.7175079541544,MIA
315971161.26554745,00000000-0000-0000-0000-000000019099,OTHERS,198.51618372815798,2336.734689635537,MIA
315971161.26554745,00000000-0000-0000-0000-000000019108,OTHERS,168.0788045658671,2332.2424268991176,MIA
315971161.26554745,00000000-0000-0000-0000-000000019095,OTHERS,204.1416808106116,2336.883048611481,MIA
315971161.26554745,00000000-0000-0000-0000-000000019097,OTHERS,88.73754768609757,2324.612054219878,MIA
315971161.26554745,00000000-0000-0000-0000-000000019082,OTHERS,163.33249951225628,2365.3409258720253,MIA
315971161.26554745,00000000-0000-0000-0000-000000019059,OTHERS,124.67187990946528,2325.37285718376,MIA
315971161.26554745,00000000-0000-0000-0000-000000019072,AGENT,150.38094185393348,2327.213587674989,MIA
315971161.4668368,00000000-0000-0000-0000-000000000000,AV,163.96948216078906,2336.834611488564,MIA
315971161.4668368,00000000-0000-0000-0000-000000019017,OTHERS,203.0768795631617,2337.1030225326026,MIA
315971161.4668368,00000000-0000-0000-0000-000000019040,OTHERS,206.44570325126662,2337.2711438186884,MIA
315971161.4668368,00000000-0000-0000-0000-000000019093,OTHERS,109.20693645492868,2324.6036325139485,MIA
315971161.4668368,00000000-0000-0000-0000-000000019038,OTHERS,154.28047866479682,2350.7068006098325,MIA
315971161.4668368,00000000-0000-0000-0000-000000019055,OTHERS,172.99032832094463,2334.357044053293,MIA
315971161.4668368,00000000-0000-0000-0000-000000019063,OTHERS,153.94126618460098,2361.644923925044,MIA
315971161.4668368,00000000-0000-0000-0000-000000019120,OTHERS,163.66822665355733,2367.2567648777913,MIA
315971161.4668368,00000000-0000-0000-0000-000000019087,OTHERS,199.4277735147706,2336.387560333117,MIA
315971161.4668368,00000000-0000-0000-0000-000000019067,OTHERS,141.8522582531654,2325.84634806045,MIA
315971161.4668368,00000000-0000-0000-0000-000000019104,OTHERS,139.66400759696597,2326.506342170628,MIA
315971161.4668368,00000000-0000-0000-0000-000000019114,OTHERS,216.2080437633672,2341.963845418352,MIA
315971161.4668368,00000000-0000-0000-0000-000000019108,OTHERS,168.4835900235298,2332.1109071401324,MIA
315971161.4668368,00000000-0000-0000-0000-000000019097,OTHERS,90.00917548678694,2324.485207530071,MIA
315971161.4668368,00000000-0000-0000-0000-000000019082,OTHERS,163.2956776272451,2365.376443854257,MIA
315971161.4668368,00000000-0000-0000-0000-000000019059,OTHERS,126.1767596767024,2325.5219556507045,MIA
315971161.4668368,00000000-0000-0000-0000-000000019072,AGENT,150.97383117172788,2327.3344055467405,MIA
315971161.6654058,00000000-0000-0000-0000-000000000000,AV,162.66730737107832,2336.537074015397,MIA
315971161.6654058,00000000-0000-0000-0000-000000019017,OTHERS,201.05942367888505,2336.733943121885,MIA
315971161.6654058,00000000-0000-0000-0000-000000019087,OTHERS,200.18990796306642,2336.628447298804,MIA
315971161.6654058,00000000-0000-0000-0000-000000019093,OTHERS,110.61250588201383,2324.606669739937,MIA
315971161.6654058,00000000-0000-0000-0000-000000019038,OTHERS,154.28404133526834,2350.6661844522628,MIA
315971161.6654058,00000000-0000-0000-0000-000000019055,OTHERS,173.93470200085713,2334.478004126792,MIA
315971161.6654058,00000000-0000-0000-0000-000000019114,OTHERS,213.29812785724928,2341.7721229148915,MIA
315971161.6654058,00000000-0000-0000-0000-000000019120,OTHERS,163.69774251177523,2367.1985250656185,MIA
315971161.6654058,00000000-0000-0000-0000-000000019104,OTHERS,140.41204363082488,2326.597563613513,MIA
315971161.6654058,00000000-0000-0000-0000-000000019125,OTHERS,163.4963276028281,2369.228633556273,MIA
315971161.6654058,00000000-0000-0000-0000-000000019103,OTHERS,164.42062443092252,2363.7895693444957,MIA
315971161.6654058,00000000-0000-0000-0000-000000019108,OTHERS,168.4835900235298,2332.1109071401324,MIA
315971161.6654058,00000000-0000-0000-0000-000000019097,OTHERS,91.15984522625635,2324.652199505403,MIA
315971161.6654058,00000000-0000-0000-0000-000000019082,OTHERS,163.24937875327885,2365.5367205603065,MIA
315971161.6654058,00000000-0000-0000-0000-000000019059,OTHERS,127.07873768616022,2325.5133758815605,MIA
315971161.6654058,00000000-0000-0000-0000-000000019072,AGENT,151.7949346005624,2327.5591107195582,MIA
315971161.6654058,00000000-0000-0000-0000-000000019067,OTHERS,142.53669255038383,2325.896467901519,MIA
315971161.6654058,00000000-0000-0000-0000-000000019063,OTHERS,153.96430932872445,2361.600445575927,MIA
315971161.864458,00000000-0000-0000-0000-000000000000,AV,161.4027254856019,2336.232548128279,MIA
315971161.864458,00000000-0000-0000-0000-000000019017,OTHERS,202.5419480015229,2336.930519734638,MIA
315971161.864458,00000000-0000-0000-0000-000000019087,OTHERS,200.1899079503165,2336.628447300628,MIA
315971161.864458,00000000-0000-0000-0000-000000019093,OTHERS,112.18855220259279,2324.56446584692,MIA
315971161.864458,00000000-0000-0000-0000-000000019038,OTHERS,154.28290166622082,2350.6255325831994,MIA
315971161.864458,00000000-0000-0000-0000-000000019055,OTHERS,174.34417751729924,2334.5390247692376,MIA
315971161.864458,00000000-0000-0000-0000-000000019125,OTHERS,163.43837560986606,2369.240543836629,MIA
315971161.864458,00000000-0000-0000-0000-000000019063,OTHERS,153.90331334025825,2361.604120271333,MIA
315971161.864458,00000000-0000-0000-0000-000000019097,OTHERS,92.49974614606508,2324.660358202482,MIA
315971161.864458,00000000-0000-0000-0000-000000019114,OTHERS,210.47915181916864,2341.618730906191,MIA
315971161.864458,00000000-0000-0000-0000-000000019120,OTHERS,163.83528366342458,2367.047821261182,MIA
315971161.864458,00000000-0000-0000-0000-000000019104,OTHERS,143.64963013742837,2325.964857742836,MIA
315971161.864458,00000000-0000-0000-0000-000000019103,OTHERS,164.0161649168859,2363.350641692098,MIA
315971161.864458,00000000-0000-0000-0000-000000019126,OTHERS,157.48948145355746,2427.99509970876,MIA
315971161.864458,00000000-0000-0000-0000-000000019082,OTHERS,163.46597251259576,2365.550671704581,MIA
315971161.864458,00000000-0000-0000-0000-000000019059,OTHERS,128.79182271674702,2325.690376840498,MIA
315971161.864458,00000000-0000-0000-0000-000000019072,AGENT,152.55421529789584,2327.705887830766,MIA
315971161.864458,00000000-0000-0000-0000-000000019067,OTHERS,141.17783180055582,2326.5739094675546,MIA
315971162.0541216,00000000-0000-0000-0000-000000000000,AV,160.15444309079774,2335.931015273279,MIA
315971162.0541216,00000000-0000-0000-0000-000000019017,OTHERS,203.9462479785309,2337.204305060032,MIA
315971162.0541216,00000000-0000-0000-0000-000000019093,OTHERS,113.77111155584691,2324.874659920132,MIA
315971162.0541216,00000000-0000-0000-0000-000000019038,OTHERS,154.27666893636518,2350.613925558754,MIA
315971162.0541216,00000000-0000-0000-0000-000000019055,OTHERS,174.7613225922702,2334.592792219671,MIA
315971162.0541216,00000000-0000-0000-0000-000000019063,OTHERS,153.9408448773981,2361.49719554918,MIA
315971162.0541216,00000000-0000-0000-0000-000000019097,OTHERS,93.73394165785795,2324.812486796063,MIA
315971162.0541216,00000000-0000-0000-0000-000000019125,OTHERS,162.1922672976126,2369.3851156280602,MIA
315971162.0541216,00000000-0000-0000-0000-000000019120,OTHERS,164.1093906050065,2367.035742807389,MIA
315971162.0541216,00000000-0000-0000-0000-000000019103,OTHERS,163.87129251364266,2363.523341339812,MIA
315971162.0541216,00000000-0000-0000-0000-000000019126,OTHERS,157.48948145355746,2427.99509970876,MIA
315971162.0541216,00000000-0000-0000-0000-000000019114,OTHERS,207.740886478811,2341.580946523313,MIA
315971162.0541216,00000000-0000-0000-0000-000000019082,OTHERS,163.3936752173408,2365.5744748036113,MIA
315971162.0541216,00000000-0000-0000-0000-000000019059,OTHERS,129.82207609599595,2325.933167817524,MIA
315971162.0541216,00000000-0000-0000-0000-000000019072,AGENT,153.27513449503428,2327.932869673775,MIA
315971162.0541216,00000000-0000-0000-0000-000000019067,OTHERS,144.06737505991111,2325.995317228996,MIA
315971162.23558235,00000000-0000-0000-0000-000000000000,AV,158.86179312092437,2335.6209770262203,MIA
315971162.23558235,00000000-0000-0000-0000-000000019017,OTHERS,203.94624796580536,2337.204305059366,MIA
315971162.23558235,00000000-0000-0000-0000-000000019093,OTHERS,115.63728300448645,2324.9800778312706,MIA
315971162.23558235,00000000-0000-0000-0000-000000019038,OTHERS,154.27493208050595,2350.525584451297,MIA
315971162.23558235,00000000-0000-0000-0000-000000019055,OTHERS,175.17210361782426,2334.6649067562907,MIA
315971162.23558235,00000000-0000-0000-0000-000000019125,OTHERS,162.25081966325257,2369.225402427353,MIA
315971162.23558235,00000000-0000-0000-0000-000000019134,OTHERS,157.55693801627154,2433.5474201298252,MIA
315971162.23558235,00000000-0000-0000-0000-000000019103,OTHERS,163.73938502052545,2363.780495410025,MIA
315971162.23558235,00000000-0000-0000-0000-000000019120,OTHERS,164.1093905905443,2367.0357428044044,MIA
315971162.23558235,00000000-0000-0000-0000-000000019114,OTHERS,204.953577477492,2341.3104742534892,MIA
315971162.23558235,00000000-0000-0000-0000-000000019136,OTHERS,241.70528605816767,2303.2869689404497,MIA
315971162.23558235,00000000-0000-0000-0000-000000019097,OTHERS,95.09659938243948,2325.0847970225955,MIA
315971162.23558235,00000000-0000-0000-0000-000000019082,OTHERS,163.49155819332663,2365.9242178008108,MIA
315971162.23558235,00000000-0000-0000-0000-000000019067,OTHERS,144.8398174555997,2326.037944507037,MIA
315971162.23558235,00000000-0000-0000-0000-000000019063,OTHERS,153.97357249343216,2361.396788751762,MIA
315971162.23558235,00000000-0000-0000-0000-000000019072,AGENT,154.00854900139672,2328.230280567255,MIA
315971162.23558235,00000000-0000-0000-0000-000000019059,OTHERS,131.03297351458716,2325.8764418241212,MIA
315971162.4132133,00000000-0000-0000-0000-000000000000,AV,157.59363740689733,2335.312180834137,MIA
315971162.4132133,00000000-0000-0000-0000-000000019093,OTHERS,116.82716017769077,2324.89280989139,MIA
315971162.4132133,00000000-0000-0000-0000-000000019114,OTHERS,202.2603938926825,2341.2300338347072,MIA
315971162.4132133,00000000-0000-0000-0000-000000019136,OTHERS,241.653680374638,2303.3873745062197,MIA
315971162.4132133,00000000-0000-0000-0000-000000019134,OTHERS,157.55693801627154,2433.5474201298252,MIA
315971162.4132133,00000000-0000-0000-0000-000000019125,OTHERS,162.37727445972112,2369.7789134688887,MIA
315971162.4132133,00000000-0000-0000-0000-000000019103,OTHERS,163.68410236684147,2363.831987535832,MIA
315971162.4132133,00000000-0000-0000-0000-000000019097,OTHERS,96.65548476563126,2324.961776452441,MIA
315971162.4132133,00000000-0000-0000-0000-000000019082,OTHERS,163.415473333844,2366.016686825697,MIA
315971162.4132133,00000000-0000-0000-0000-000000019067,OTHERS,145.67286015634164,2326.108378365224,MIA
315971162.4132133,00000000-0000-0000-0000-000000019063,OTHERS,154.1081300642837,2361.333349395653,MIA
315971162.4132133,00000000-0000-0000-0000-000000019072,AGENT,154.829377866842,2328.516809942862,MIA
315971162.4132133,00000000-0000-0000-0000-000000019059,OTHERS,132.27795653064896,2325.903642657838,MIA
315971162.4132133,00000000-0000-0000-0000-000000019038,OTHERS,154.319450610731,2350.072662276354,MIA
315971162.4132133,00000000-0000-0000-0000-000000019055,OTHERS,175.8663906037373,2334.7703607798026,MIA
315971162.58670783,00000000-0000-0000-0000-000000000000,AV,156.2833065691066,2334.9997664486536,MIA
315971162.58670783,00000000-0000-0000-0000-000000019093,OTHERS,118.5861441034539,2324.914092490936,MIA
315971162.58670783,00000000-0000-0000-0000-000000019038,OTHERS,154.30967436028163,2350.0804996998277,MIA
315971162.58670783,00000000-0000-0000-0000-000000019055,OTHERS,176.3366577989255,2334.80106985688,MIA
315971162.58670783,00000000-0000-0000-0000-000000019097,OTHERS,97.95450823497295,2325.1160546468045,MIA
315971162.58670783,00000000-0000-0000-0000-000000019114,OTHERS,199.395059732406,2341.0516503364515,MIA
315971162.58670783,00000000-0000-0000-0000-000000019136,OTHERS,241.91514876334432,2304.3860055912623,MIA
315971162.58670783,00000000-0000-0000-0000-000000019082,OTHERS,163.28766608181914,2366.9821342868986,MIA
315971162.58670783,00000000-0000-0000-0000-000000019067,OTHERS,146.47241136027316,2326.191057562735,MIA
315971162.58670783,00000000-0000-0000-0000-000000019063,OTHERS,154.36848760784798,2361.332808754438,MIA
315971162.58670783,00000000-0000-0000-0000-000000019103,OTHERS,163.4939128765666,2364.018709354012,MIA
315971162.58670783,00000000-0000-0000-0000-000000019072,AGENT,155.3189897580709,2328.575018480157,MIA
315971162.58670783,00000000-0000-0000-0000-000000019059,OTHERS,133.63078334016177,2325.993162586221,MIA
315971162.75917435,00000000-0000-0000-0000-000000000000,AV,154.92695110601142,2334.679471643762,MIA
315971162.75917435,00000000-0000-0000-0000-000000019038,OTHERS,154.3092214030589,2350.003975407028,MIA
315971162.75917435,00000000-0000-0000-0000-000000019055,OTHERS,176.27258234552434,2334.820106595341,MIA
315971162.75917435,00000000-0000-0000-0000-000000019103,OTHERS,163.74521641796846,2363.9603302503224,MIA
315971162.75917435,00000000-0000-0000-0000-000000019097,OTHERS,98.69843883928156,2324.999863323312,MIA
315971162.75917435,00000000-0000-0000-0000-000000019114,OTHERS,198.03394952700543,2341.0524157843565,MIA
315971162.75917435,00000000-0000-0000-0000-000000019136,OTHERS,241.8687598628424,2304.37921804113,MIA
315971162.75917435,00000000-0000-0000-0000-000000019082,OTHERS,163.21920555957345,2367.3397745534035,MIA
315971162.75917435,00000000-0000-0000-0000-000000019059,OTHERS,134.19098638142876,2325.9913620562706,MIA
315971162.75917435,00000000-0000-0000-0000-000000019072,AGENT,155.6902451264059,2328.8216735252618,MIA
315971162.75917435,00000000-0000-0000-0000-000000019093,OTHERS,119.1866427395318,2325.0212428586506,MIA
315971162.75917435,00000000-0000-0000-0000-000000019067,OTHERS,147.0112060439771,2326.2533602813487,MIA
315971162.75917435,00000000-0000-0000-0000-000000019063,OTHERS,154.36848760067087,2361.332808752739,MIA
315971162.90833503,00000000-0000-0000-0000-000000000000,AV,153.75652555623347,2334.419131748993,MIA
315971162.90833503,00000000-0000-0000-0000-000000019038,OTHERS,154.13349915555054,2349.120146888094,MIA
315971162.90833503,00000000-0000-0000-0000-000000019055,OTHERS,176.97512402740182,2334.847597603799,MIA
315971162.90833503,00000000-0000-0000-0000-000000019114,OTHERS,195.3666371775409,2340.842011792909,MIA
315971162.90833503,00000000-0000-0000-0000-000000019136,OTHERS,241.8687598628424,2304.37921804113,MIA
315971162.90833503,00000000-0000-0000-0000-000000019138,OTHERS,77.82454673724564,2323.6710801314402,MIA
315971162.90833503,00000000-0000-0000-0000-000000019097,OTHERS,100.22625820436136,2325.2591321073396,MIA
315971162.90833503,00000000-0000-0000-0000-000000019082,OTHERS,163.27366967910692,2367.4068220572312,MIA
315971162.90833503,00000000-0000-0000-0000-000000019093,OTHERS,120.91990264944569,2325.156213451929,MIA
315971162.90833503,00000000-0000-0000-0000-000000019072,AGENT,156.47763451395232,2328.856311947336,MIA
315971162.90833503,00000000-0000-0000-0000-000000019059,OTHERS,135.39349268882452,2326.079582652972,MIA
315971162.90833503,00000000-0000-0000-0000-000000019067,OTHERS,147.6083290567031,2326.376459186714,MIA
315971162.90833503,00000000-0000-0000-0000-000000019063,OTHERS,154.36848758631658,2361.33280874934,MIA
315971162.90833503,00000000-0000-0000-0000-000000019103,OTHERS,163.31854286237672,2364.854690654037,MIA
315971163.0625283,00000000-0000-0000-0000-000000000000,AV,152.50067063388175,2334.1429611094713,MIA
315971163.0625283,00000000-0000-0000-0000-000000019055,OTHERS,175.40865071930597,2334.6584290595692,MIA
315971163.0625283,00000000-0000-0000-0000-000000019059,OTHERS,136.40999891291307,2326.1004749432627,MIA
315971163.0625283,00000000-0000-0000-0000-000000019103,OTHERS,163.0116561141543,2365.0795704971883,MIA
315971163.0625283,00000000-0000-0000-0000-000000019038,OTHERS,154.16239399934167,2349.176376139225,MIA
315971163.0625283,00000000-0000-0000-0000-000000019067,OTHERS,148.05963276168958,2326.411135380224,MIA
315971163.0625283,00000000-0000-0000-0000-000000019072,AGENT,157.0037911437185,2329.1816667799385,MIA
315971163.0625283,00000000-0000-0000-0000-000000019138,OTHERS,78.6454288521309,2323.8213213503714,MIA
315971163.0625283,00000000-0000-0000-0000-000000019097,OTHERS,101.84398298257156,2325.2508060148457,MIA
315971163.0625283,00000000-0000-0000-0000-000000019093,OTHERS,122.05315499161495,2325.13540403897,MIA
315971163.0625283,00000000-0000-0000-0000-000000019082,OTHERS,163.28344328735105,2367.501928395791,MIA
315971163.0625283,00000000-0000-0000-0000-000000019114,OTHERS,192.8455027479785,2340.5948534714475,MIA
315971163.2131624,00000000-0000-0000-0000-000000000000,AV,151.3335511087316,2333.9053961777718,MIA
315971163.2131624,00000000-0000-0000-0000-000000019055,OTHERS,175.09566200618752,2334.6450066339607,MIA
315971163.2131624,00000000-0000-0000-0000-000000019059,OTHERS,137.05753531301394,2326.154248068125,MIA
315971163.2131624,00000000-0000-0000-0000-000000019103,OTHERS,163.00581620947378,2365.390529547753,MIA
315971163.2131624,00000000-0000-0000-0000-000000019038,OTHERS,153.9786610132322,2350.451105407766,MIA
315971163.2131624,00000000-0000-0000-0000-000000019067,OTHERS,148.4061664468149,2326.4810882998245,MIA
315971163.2131624,00000000-0000-0000-0000-000000019072,AGENT,157.18693321447032,2329.411364964091,MIA
315971163.2131624,00000000-0000-0000-0000-000000019138,OTHERS,79.91743877883816,2323.9618445530677,MIA
315971163.2131624,00000000-0000-0000-0000-000000019114,OTHERS,191.3965074838817,2340.391114203125,MIA
315971163.2131624,00000000-0000-0000-0000-000000019097,OTHERS,102.56558075654677,2325.369950025353,MIA
315971163.2131624,00000000-0000-0000-0000-000000019093,OTHERS,122.23756828716013,2325.158146345273,MIA
315971163.2131624,00000000-0000-0000-0000-000000019082,OTHERS,163.32908643936105,2367.6927439449732,MIA
315971163.35643744,00000000-0000-0000-0000-000000000000,AV,150.17935394304826,2333.686225220819,MIA
315971163.35643744,00000000-0000-0000-0000-000000019059,OTHERS,138.09080313185802,2326.2177410364793,MIA
315971163.35643744,00000000-0000-0000-0000-000000019103,OTHERS,162.91585190962928,2365.951723718701,MIA
315971163.35643744,00000000-0000-0000-0000-000000019072,AGENT,157.78885956075268,2329.690551345056,MIA
315971163.35643744,00000000-0000-0000-0000-000000019097,OTHERS,103.29483822425293,2325.416266823018,MIA
315971163.35643744,00000000-0000-0000-0000-000000019138,OTHERS,81.11618471653976,2324.0117480603626,MIA
315971163.35643744,00000000-0000-0000-0000-000000019055,OTHERS,174.87117270630625,2334.3617488284062,MIA
315971163.35643744,00000000-0000-0000-0000-000000019093,OTHERS,124.48366342871195,2325.310272216615,MIA
315971163.35643744,00000000-0000-0000-0000-000000019082,OTHERS,163.41692963496737,2367.4192011725313,MIA
315971163.35643744,00000000-0000-0000-0000-000000019038,OTHERS,153.87844706403234,2350.039169144492,MIA
315971163.35643744,00000000-0000-0000-0000-000000019067,OTHERS,148.8199519355885,2326.524833274695,MIA
315971163.35643744,00000000-0000-0000-0000-000000019114,OTHERS,188.85697905283504,2340.184449403222,MIA
315971163.4984894,00000000-0000-0000-0000-000000000000,AV,149.01066622337012,2333.4860333272045,MIA
315971163.4984894,00000000-0000-0000-0000-000000019059,OTHERS,138.44242910148338,2326.227831964541,MIA
315971163.4984894,00000000-0000-0000-0000-000000019103,OTHERS,162.99501858816743,2365.588916469666,MIA
315971163.4984894,00000000-0000-0000-0000-000000019072,AGENT,158.0368642852655,2329.778716051839,MIA
315971163.4984894,00000000-0000-0000-0000-000000019097,OTHERS,104.84021002298714,2325.613826666693,MIA
315971163.4984894,00000000-0000-0000-0000-000000019138,OTHERS,81.83643817380009,2323.692397533312,MIA
315971163.4984894,00000000-0000-0000-0000-000000019055,OTHERS,174.93099989621615,2334.516871754507,MIA
315971163.4984894,00000000-0000-0000-0000-000000019148,OTHERS,153.0243422622926,2362.6805237700896,MIA
315971163.4984894,00000000-0000-0000-0000-000000019093,OTHERS,124.58587941622595,2325.2954140868296,MIA
315971163.4984894,00000000-0000-0000-0000-000000019082,OTHERS,163.51988053866012,2366.766538365989,MIA
315971163.4984894,00000000-0000-0000-0000-000000019038,OTHERS,154.00507957880959,2350.527370046869,MIA
315971163.4984894,00000000-0000-0000-0000-000000019067,OTHERS,149.0266577832819,2326.556753041496,MIA
315971163.4984894,00000000-0000-0000-0000-000000019114,OTHERS,187.491133948071,2339.8077713191165,MIA
315971163.65316105,00000000-0000-0000-0000-000000000000,AV,147.83963286462298,2333.2980821729216,MIA
315971163.65316105,00000000-0000-0000-0000-000000019147,OTHERS,153.44774482998068,2361.0720445922484,MIA
315971163.65316105,00000000-0000-0000-0000-000000019067,OTHERS,149.49319402750356,2326.791694248833,MIA
315971163.65316105,00000000-0000-0000-0000-000000019114,OTHERS,185.1866892174021,2339.8129803427605,MIA
315971163.65316105,00000000-0000-0000-0000-000000019138,OTHERS,83.15010045028632,2323.6709316052093,MIA
315971163.65316105,00000000-0000-0000-0000-000000019038,OTHERS,153.8860136406463,2350.456990613502,MIA
315971163.65316105,00000000-0000-0000-0000-000000019055,OTHERS,175.0531206852612,2334.387203342861,MIA
315971163.65316105,00000000-0000-0000-0000-000000019097,OTHERS,105.61876050647108,2325.603393857024,MIA
315971163.65316105,00000000-0000-0000-0000-000000019082,OTHERS,163.5813435669731,2366.4299739341227,MIA
315971163.65316105,00000000-0000-0000-0000-000000019093,OTHERS,125.85708685980616,2325.23319157836,MIA
315971163.65316105,00000000-0000-0000-0000-000000019103,OTHERS,162.99880048957309,2364.613148146551,MIA
315971163.65316105,00000000-0000-0000-0000-000000019072,AGENT,158.6938810050664,2330.115399414767,MIA
315971163.65316105,00000000-0000-0000-0000-000000019148,OTHERS,153.14287605378877,2362.361070369911,MIA
315971163.65316105,00000000-0000-0000-0000-000000019059,OTHERS,139.5543092610701,2326.3520747340594,MIA
315971163.7921511,00000000-0000-0000-0000-000000000000,AV,146.6551934722992,2333.1290741748385,MIA
315971163.7921511,00000000-0000-0000-0000-000000019067,OTHERS,149.6697701078962,2327.052710808593,MIA
315971163.7921511,00000000-0000-0000-0000-000000019114,OTHERS,184.12799693485402,2339.593594777698,MIA
315971163.7921511,00000000-0000-0000-0000-000000019138,OTHERS,83.15010044147724,2323.670931609709,MIA
315971163.7921511,00000000-0000-0000-0000-000000019038,OTHERS,153.89266807682762,2350.3798573114536,MIA
315971163.7921511,00000000-0000-0000-0000-000000019055,OTHERS,175.6126795625598,2334.321010454348,MIA
315971163.7921511,00000000-0000-0000-0000-000000019097,OTHERS,106.46056030411673,2325.572695169336,MIA
315971163.7921511,00000000-0000-0000-0000-000000019082,OTHERS,163.9607714578313,2364.128074032674,MIA
315971163.7921511,00000000-0000-0000-0000-000000019093,OTHERS,125.99789629694844,2325.345975969497,MIA
315971163.7921511,00000000-0000-0000-0000-000000019103,OTHERS,164.65004367704452,2365.997647782494,MIA
315971163.7921511,00000000-0000-0000-0000-000000019072,AGENT,158.92591285532137,2330.2194209081285,MIA
315971163.7921511,00000000-0000-0000-0000-000000019148,OTHERS,153.1470185684085,2362.570175605636,MIA
315971163.7921511,00000000-0000-0000-0000-000000019059,OTHERS,140.006649758836,2326.3497721439035,MIA
315971163.9493497,00000000-0000-0000-0000-000000000000,AV,145.37710984683972,2332.967027566788,MIA
315971163.9493497,00000000-0000-0000-0000-000000019059,OTHERS,140.63746906003564,2326.397420632252,MIA
315971163.9493497,00000000-0000-0000-0000-000000019103,OTHERS,164.65004366764322,2365.99764777669,MIA
315971163.9493497,00000000-0000-0000-0000-000000019072,AGENT,159.3413095955366,2330.4619363953393,MIA
315971163.9493497,00000000-0000-0000-0000-000000019093,OTHERS,127.94846775127593,2325.4016719322503,MIA
315971163.9493497,00000000-0000-0000-0000-000000019082,OTHERS,164.2277857494224,2364.299709065057,MIA
315971163.9493497,00000000-0000-0000-0000-000000019055,OTHERS,175.93599925002158,2334.317786893964,MIA
315971163.9493497,00000000-0000-0000-0000-000000019148,OTHERS,153.03630993221208,2362.639686771021,MIA
315971163.9493497,00000000-0000-0000-0000-000000019138,OTHERS,85.17308887287248,2324.3239643066786,MIA
315971163.9493497,00000000-0000-0000-0000-000000019038,OTHERS,153.80249755329436,2350.634542751331,MIA
315971163.9493497,00000000-0000-0000-0000-000000019067,OTHERS,150.25572804957966,2326.863209696074,MIA
315971163.9493497,00000000-0000-0000-0000-000000019147,OTHERS,153.73443653237075,2361.0651843709825,MIA
315971163.9493497,00000000-0000-0000-0000-000000019114,OTHERS,181.42676757933896,2339.27205078438,MIA
315971163.9493497,00000000-0000-0000-0000-000000019097,OTHERS,108.02831758395624,2325.854450460297,MIA
315971164.0532991,00000000-0000-0000-0000-000000000000,AV,144.55856358304237,2332.8784624549107,MIA
315971164.0532991,00000000-0000-0000-0000-000000019059,OTHERS,140.90903474930695,2326.418725744679,MIA
315971164.0532991,00000000-0000-0000-0000-000000019103,OTHERS,164.65004366294252,2365.9976477737882,MIA
315971164.0532991,00000000-0000-0000-0000-000000019072,AGENT,159.691385078886,2330.612131267684,MIA
315971164.0532991,00000000-0000-0000-0000-000000019138,OTHERS,85.17308886386469,2324.32396431218,MIA
315971164.0532991,00000000-0000-0000-0000-000000019055,OTHERS,177.0576498464285,2334.7893099660605,MIA
315971164.0532991,00000000-0000-0000-0000-000000019148,OTHERS,152.99605193791996,2362.5824916873685,MIA
315971164.0532991,00000000-0000-0000-0000-000000019038,OTHERS,153.79474995723845,2350.6339742484547,MIA
315971164.0532991,00000000-0000-0000-0000-000000019067,OTHERS,150.35143415407754,2326.8691896080372,MIA
315971164.0532991,00000000-0000-0000-0000-000000019147,OTHERS,153.65875924755952,2361.0535562603864,MIA
315971164.0532991,00000000-0000-0000-0000-000000019114,OTHERS,180.25945316956,2338.9853253768024,MIA
315971164.0532991,00000000-0000-0000-0000-000000019097,OTHERS,109.5343071676925,2326.073952216221,MIA
315971164.0532991,00000000-0000-0000-0000-000000019093,OTHERS,128.29564636196372,2325.5873676789824,MIA
315971164.0532991,00000000-0000-0000-0000-000000019082,OTHERS,164.22778574450766,2364.299709062174,MIA
315971164.16277164,00000000-0000-0000-0000-000000000000,AV,143.55706246141946,2332.783122751521,MIA
315971164.16277164,00000000-0000-0000-0000-000000019059,OTHERS,141.25571607631227,2326.462842721633,MIA
315971164.16277164,00000000-0000-0000-0000-000000019072,AGENT,160.07232253059385,2330.7299205013965,MIA
315971164.16277164,00000000-0000-0000-0000-000000019138,OTHERS,85.17308885485687,2324.3239643176826,MIA
315971164.16277164,00000000-0000-0000-0000-000000019055,OTHERS,177.18724875836674,2334.6982501779235,MIA
315971164.16277164,00000000-0000-0000-0000-000000019148,OTHERS,152.99198330541876,2362.4497704157466,MIA
315971164.16277164,00000000-0000-0000-0000-000000019038,OTHERS,153.79143866646973,2350.7007691272233,MIA
315971164.16277164,00000000-0000-0000-0000-000000019067,OTHERS,150.49115898331078,2326.9662705474066,MIA
315971164.16277164,00000000-0000-0000-0000-000000019147,OTHERS,153.68617088723425,2361.107018557244,MIA
315971164.16277164,00000000-0000-0000-0000-000000019114,OTHERS,179.20027688942932,2338.975133712749,MIA
315971164.16277164,00000000-0000-0000-0000-000000019097,OTHERS,109.7230273831288,2325.9796178817005,MIA
315971164.16277164,00000000-0000-0000-0000-000000019093,OTHERS,128.7958177561608,2325.522091277959,MIA
315971164.16277164,00000000-0000-0000-0000-000000019082,OTHERS,164.22778573959292,2364.29970905929,MIA
315971164.2703386,00000000-0000-0000-0000-000000000000,AV,142.61790624945243,2332.703708106973,MIA
315971164.2703386,00000000-0000-0000-0000-000000019093,OTHERS,129.4088971060927,2325.5228420425,MIA
315971164.2703386,00000000-0000-0000-0000-000000019059,OTHERS,141.68337182127848,2326.506739554551,MIA
315971164.2703386,00000000-0000-0000-0000-000000019138,OTHERS,87.19494859187056,2324.242095316001,MIA
315971164.2703386,00000000-0000-0000-0000-000000019055,OTHERS,177.11200174237996,2334.726517434401,MIA
315971164.2703386,00000000-0000-0000-0000-000000019148,OTHERS,152.9919833009357,2362.4497704138034,MIA
315971164.2703386,00000000-0000-0000-0000-000000019038,OTHERS,153.81977260075095,2350.721240317599,MIA
315971164.2703386,00000000-0000-0000-0000-000000019067,OTHERS,150.57511976599497,2327.0482283366105,MIA
315971164.2703386,00000000-0000-0000-0000-000000019147,OTHERS,154.03192776487072,2360.356212661121,MIA
315971164.2703386,00000000-0000-0000-0000-000000019114,OTHERS,177.92715924618557,2338.901118500396,MIA
315971164.2703386,00000000-0000-0000-0000-000000019097,OTHERS,110.47887355169914,2326.053389415553,MIA
315971164.2703386,00000000-0000-0000-0000-000000019072,AGENT,160.45028560557336,2330.887611292294,MIA
315971164.37808734,00000000-0000-0000-0000-000000000000,AV,141.66407368325198,2332.6309948392473,MIA
315971164.37808734,00000000-0000-0000-0000-000000019093,OTHERS,130.03768848120183,2325.6037965944165,MIA
315971164.37808734,00000000-0000-0000-0000-000000019059,OTHERS,142.03162540987802,2326.5268497504603,MIA
315971164.37808734,00000000-0000-0000-0000-000000019072,AGENT,160.72745106671644,2331.072745831151,MIA
315971164.37808734,00000000-0000-0000-0000-000000019097,OTHERS,111.46020879235748,2326.100503795377,MIA
315971164.37808734,00000000-0000-0000-0000-000000019055,OTHERS,177.4258853003603,2334.537414227257,MIA
315971164.37808734,00000000-0000-0000-0000-000000019148,OTHERS,152.9919832964527,2362.4497704118608,MIA
315971164.37808734,00000000-0000-0000-0000-000000019138,OTHERS,87.9793932758042,2324.0436860657505,MIA
315971164.37808734,00000000-0000-0000-0000-000000019067,OTHERS,150.80775793171813,2327.0899817535724,MIA
315971164.37808734,00000000-0000-0000-0000-000000019147,OTHERS,154.0319277596224,2360.3562126592105,MIA
315971164.37808734,00000000-0000-0000-0000-000000019114,OTHERS,176.60827990424832,2338.6563102410305,MIA
315971164.47993636,00000000-0000-0000-0000-000000000000,AV,140.79136892490638,2332.573395925151,MIA
315971164.47993636,00000000-0000-0000-0000-000000019093,OTHERS,131.2333212439209,2325.6459158748653,MIA
315971164.47993636,00000000-0000-0000-0000-000000019055,OTHERS,178.26323494296003,2334.628082928017,MIA
315971164.47993636,00000000-0000-0000-0000-000000019059,OTHERS,142.28008673814674,2326.8904192441205,MIA
315971164.47993636,00000000-0000-0000-0000-000000019072,AGENT,161.28584698674487,2331.3323300689567,MIA
315971164.47993636,00000000-0000-0000-0000-000000019097,OTHERS,112.90054937787035,2326.2078963285817,MIA
315971164.47993636,00000000-0000-0000-0000-000000019138,OTHERS,88.6329724665968,2324.104687256608,MIA
315971164.47993636,00000000-0000-0000-0000-000000019067,OTHERS,151.33738459144263,2327.201100283181,MIA
315971164.47993636,00000000-0000-0000-0000-000000019147,OTHERS,154.03192774912588,2360.356212655391,MIA
315971164.47993636,00000000-0000-0000-0000-000000019114,OTHERS,174.23023526260502,2338.347640492031,MIA
315971164.57796264,00000000-0000-0000-0000-000000000000,AV,139.89619292953677,2332.5218295900786,MIA
315971164.57796264,00000000-0000-0000-0000-000000019093,OTHERS,131.84139474413902,2325.695931236769,MIA
315971164.57796264,00000000-0000-0000-0000-000000019055,OTHERS,178.69699535553625,2334.684396271897,MIA
315971164.57796264,00000000-0000-0000-0000-000000019059,OTHERS,142.83318534022666,2326.6654119350355,MIA
315971164.57796264,00000000-0000-0000-0000-000000019138,OTHERS,90.08633840493832,2324.433271560225,MIA
315971164.57796264,00000000-0000-0000-0000-000000019114,OTHERS,173.07166663121728,2338.2347900154205,MIA
315971164.57796264,00000000-0000-0000-0000-000000019097,OTHERS,114.22260043183529,2326.4998395521434,MIA
315971164.57796264,00000000-0000-0000-0000-000000019072,AGENT,161.55643881090788,2331.437796702006,MIA
315971164.57796264,00000000-0000-0000-0000-000000019067,OTHERS,151.53057894013864,2327.242902680905,MIA
315971164.67681336,00000000-0000-0000-0000-000000000000,AV,138.98888174676858,2332.4748493684688,MIA
315971164.67681336,00000000-0000-0000-0000-000000019093,OTHERS,132.4281771435754,2325.7134499142826,MIA
315971164.67681336,00000000-0000-0000-0000-000000019055,OTHERS,180.1010951548294,2334.725590369287,MIA
315971164.67681336,00000000-0000-0000-0000-000000019059,OTHERS,142.90666430136122,2326.612086402487,MIA
315971164.67681336,00000000-0000-0000-0000-000000019138,OTHERS,90.85339957838836,2324.233098279,MIA
315971164.67681336,00000000-0000-0000-0000-000000019114,OTHERS,171.89167617620816,2337.9251663970426,MIA
315971164.67681336,00000000-0000-0000-0000-000000019097,OTHERS,114.74683140795284,2326.368282991985,MIA
315971164.67681336,00000000-0000-0000-0000-000000019072,AGENT,161.9541659663285,2331.609311721103,MIA
315971164.67681336,00000000-0000-0000-0000-000000019067,OTHERS,151.75474265342774,2327.318845377388,MIA
315971164.7711474,00000000-0000-0000-0000-000000000000,AV,138.06714840214158,2332.434775421756,MIA
315971164.7711474,00000000-0000-0000-0000-000000019093,OTHERS,132.8166940082181,2325.683989323905,MIA
315971164.7711474,00000000-0000-0000-0000-000000019055,OTHERS,179.65215675230286,2334.7667695302744,MIA
315971164.7711474,00000000-0000-0000-0000-000000019059,OTHERS,143.14130514306882,2326.608024425983,MIA
315971164.7711474,00000000-0000-0000-0000-000000019072,AGENT,162.26747687013858,2331.740876598821,MIA
315971164.7711474,00000000-0000-0000-0000-000000019067,OTHERS,152.0902488126125,2327.377680729115,MIA
315971164.7711474,00000000-0000-0000-0000-000000019138,OTHERS,91.70468541493986,2324.4818636175896,MIA
315971164.7711474,00000000-0000-0000-0000-000000019114,OTHERS,170.70691853094672,2337.974570211777,MIA
315971164.7711474,00000000-0000-0000-0000-000000019097,OTHERS,115.30596462772408,2326.4230010686056,MIA
315971164.87787294,00000000-0000-0000-0000-000000000000,AV,137.03497339125113,2332.3943990505577,MIA
315971164.87787294,00000000-0000-0000-0000-000000019093,OTHERS,133.0363754620895,2325.696525388865,MIA
315971164.87787294,00000000-0000-0000-0000-000000019055,OTHERS,180.11488177442334,2334.7898733136717,MIA
315971164.87787294,00000000-0000-0000-0000-000000019114,OTHERS,169.50513692180695,2337.514420507957,MIA
315971164.87787294,00000000-0000-0000-0000-000000019072,AGENT,162.67763101161728,2331.922391536913,MIA
315971164.87787294,00000000-0000-0000-0000-000000019059,OTHERS,143.16583892220194,2326.708903352214,MIA
315971164.87787294,00000000-0000-0000-0000-000000019067,OTHERS,152.33535306553972,2327.460847570403,MIA
315971164.87787294,00000000-0000-0000-0000-000000019138,OTHERS,92.02099825956265,2324.3150471149834,MIA
315971164.87787294,00000000-0000-0000-0000-000000019097,OTHERS,115.87835796960087,2326.558652945195,MIA
315971164.9769969,00000000-0000-0000-0000-000000000000,AV,136.08760192149606,2332.3632736539835,MIA
315971164.9769969,00000000-0000-0000-0000-000000019093,OTHERS,133.62891406324536,2325.748799650321,MIA
315971164.9769969,00000000-0000-0000-0000-000000019055,OTHERS,180.59427478090905,2334.768262359445,MIA
315971164.9769969,00000000-0000-0000-0000-000000019114,OTHERS,168.38729302488122,2337.354107862754,MIA
315971164.9769969,00000000-0000-0000-0000-000000019072,AGENT,162.93088089801276,2332.069169131658,MIA
315971164.9769969,00000000-0000-0000-0000-000000019158,OTHERS,91.43062188823359,2321.3089997097627,MIA
315971164.9769969,00000000-0000-0000-0000-000000019059,OTHERS,143.25318481260598,2326.74978876752,MIA
315971164.9769969,00000000-0000-0000-0000-000000019067,OTHERS,152.5077890478945,2327.516859113919,MIA
315971164.9769969,00000000-0000-0000-0000-000000019138,OTHERS,92.79656196954764,2324.2217521444973,MIA
315971164.9769969,00000000-0000-0000-0000-000000019097,OTHERS,116.68309823198808,2326.6058689094502,MIA
315971165.08035004,00000000-0000-0000-0000-000000000000,AV,135.02349464255792,2332.3309462753823,MIA
315971165.08035004,00000000-0000-0000-0000-000000019093,OTHERS,134.04904855031694,2325.733203215491,MIA
315971165.08035004,00000000-0000-0000-0000-000000019055,OTHERS,181.1377740080843,2334.963970485644,MIA
315971165.08035004,00000000-0000-0000-0000-000000019067,OTHERS,152.89387878026668,2327.6029993354314,MIA
315971165.08035004,00000000-0000-0000-0000-000000019097,OTHERS,117.48996684771072,2326.719911923481,MIA
315971165.08035004,00000000-0000-0000-0000-000000019059,OTHERS,143.6456292374727,2326.7014234119165,MIA
315971165.08035004,00000000-0000-0000-0000-000000019114,OTHERS,167.21978589306772,2337.0353136366284,MIA
315971165.08035004,00000000-0000-0000-0000-000000019138,OTHERS,93.58067531783684,2324.466359932245,MIA
315971165.08035004,00000000-0000-0000-0000-000000019158,OTHERS,92.56376618009192,2321.3868964506987,MIA
315971165.08035004,00000000-0000-0000-0000-000000019072,AGENT,163.3052205936307,2332.178460628646,MIA
315971165.1717855,00000000-0000-0000-0000-000000000000,AV,134.14486982040737,2332.304554977317,MIA
315971165.1717855,00000000-0000-0000-0000-000000019093,OTHERS,134.04904855031694,2325.733203215491,MIA
315971165.1717855,00000000-0000-0000-0000-000000019055,OTHERS,181.1377740080843,2334.963970485644,MIA
315971165.1717855,00000000-0000-0000-0000-000000019067,OTHERS,152.89387878026668,2327.6029993354314,MIA
315971165.1717855,00000000-0000-0000-0000-000000019097,OTHERS,117.48996684771072,2326.719911923481,MIA
315971165.1717855,00000000-0000-0000-0000-000000019059,OTHERS,143.6456292374727,2326.7014234119165,MIA
315971165.1717855,00000000-0000-0000-0000-000000019114,OTHERS,167.21978589306772,2337.0353136366284,MIA
315971165.1717855,00000000-0000-0000-0000-000000019138,OTHERS,93.58067531783684,2324.466359932245,MIA
315971165.1717855,00000000-0000-0000-0000-000000019158,OTHERS,92.56376618009192,2321.3868964506987,MIA
315971165.1717855,00000000-0000-0000-0000-000000019072,AGENT,163.3052205936307,2332.178460628646,MIA
315971165.27763844,00000000-0000-0000-0000-000000000000,AV,133.06269810004665,2332.276671318523,MIA
315971165.27763844,00000000-0000-0000-0000-000000019055,OTHERS,182.1206180787576,2335.047566449949,MIA
315971165.27763844,00000000-0000-0000-0000-000000019059,OTHERS,144.20709115516385,2326.7144818725133,MIA
315971165.27763844,00000000-0000-0000-0000-000000019067,OTHERS,153.4040099681254,2327.7805433556587,MIA
315971165.27763844,00000000-0000-0000-0000-000000019138,OTHERS,94.97936036805523,2324.5668290904746,MIA
315971165.27763844,00000000-0000-0000-0000-000000019097,OTHERS,119.0069004731048,2326.883330284877,MIA
315971165.27763844,00000000-0000-0000-0000-000000019114,OTHERS,164.83646230250562,2336.605929395367,MIA
315971165.27763844,00000000-0000-0000-0000-000000019093,OTHERS,134.67315019463908,2325.9995685121435,MIA
315971165.27763844,00000000-0000-0000-0000-000000019158,OTHERS,95.34645509673989,2321.3928340573552,MIA
315971165.27763844,00000000-0000-0000-0000-000000019072,AGENT,163.9800962339745,2332.4003585820474,MIA
315971165.37748986,00000000-0000-0000-0000-000000000000,AV,132.06557550152962,2332.2526888109533,MIA
315971165.37748986,00000000-0000-0000-0000-000000019055,OTHERS,182.66906878408662,2334.973030298909,MIA
315971165.37748986,00000000-0000-0000-0000-000000019059,OTHERS,144.37710416349557,2326.786510428574,MIA
315971165.37748986,00000000-0000-0000-0000-000000019067,OTHERS,153.74808650915838,2327.8824141970176,MIA
315971165.37748986,00000000-0000-0000-0000-000000019138,OTHERS,95.84221470031756,2324.467758667496,MIA
315971165.37748986,00000000-0000-0000-0000-000000019097,OTHERS,119.77843595496435,2327.015116116944,MIA
315971165.37748986,00000000-0000-0000-0000-000000019114,OTHERS,163.72802904811658,2336.46433444388,MIA
315971165.37748986,00000000-0000-0000-0000-000000019093,OTHERS,135.1943508891577,2325.829539518975,MIA
315971165.37748986,00000000-0000-0000-0000-000000019158,OTHERS,96.35820254486194,2321.224741160983,MIA
315971165.37748986,00000000-0000-0000-0000-000000019072,AGENT,164.356539985243,2332.506721974212,MIA
315971165.47345364,00000000-0000-0000-0000-000000000000,AV,131.0573450452116,2332.230238976332,MIA
315971165.47345364,00000000-0000-0000-0000-000000019055,OTHERS,183.21775387938493,2334.943931875241,MIA
315971165.47345364,00000000-0000-0000-0000-000000019059,OTHERS,144.69435579831156,2326.780070995173,MIA
315971165.47345364,00000000-0000-0000-0000-000000019067,OTHERS,154.06337811933207,2327.9797808060425,MIA
315971165.47345364,00000000-0000-0000-0000-000000019072,AGENT,164.70044790741454,2332.5914261174953,MIA
315971165.47345364,00000000-0000-0000-0000-000000019158,OTHERS,97.49030611824301,2321.19650275448,MIA
315971165.47345364,00000000-0000-0000-0000-000000019097,OTHERS,120.5873210125347,2327.0441685557817,MIA
315971165.47345364,00000000-0000-0000-0000-000000019138,OTHERS,96.70626870430422,2324.73014470495,MIA
315971165.47345364,00000000-0000-0000-0000-000000019114,OTHERS,162.55913420480013,2336.048013884101,MIA
315971165.47345364,00000000-0000-0000-0000-000000019093,OTHERS,135.38464599799477,2325.8936373380234,MIA
315971165.57214683,00000000-0000-0000-0000-000000000000,AV,130.0411739543895,2332.207488454192,MIA
315971165.57214683,00000000-0000-0000-0000-000000019055,OTHERS,183.7787024978396,2335.024571651693,MIA
315971165.57214683,00000000-0000-0000-0000-000000019059,OTHERS,144.87427963260959,2326.8589443550973,MIA
315971165.57214683,00000000-0000-0000-0000-000000019067,OTHERS,154.35585371360497,2328.073336640244,MIA
315971165.57214683,00000000-0000-0000-0000-000000019072,AGENT,165.00843686322798,2332.712252176398,MIA
315971165.57214683,00000000-0000-0000-0000-000000019158,OTHERS,98.4760442455056,2321.2400123260063,MIA
315971165.57214683,00000000-0000-0000-0000-000000019097,OTHERS,121.12491587818684,2327.0760420545957,MIA
315971165.57214683,00000000-0000-0000-0000-000000019138,OTHERS,97.4563500034582,2324.617627976225,MIA
315971165.57214683,00000000-0000-0000-0000-000000019114,OTHERS,161.3143713266989,2335.7896563131594,MIA
315971165.57214683,00000000-0000-0000-0000-000000019093,OTHERS,135.51242803445007,2326.007804988808,MIA
315971165.67608577,00000000-0000-0000-0000-000000000000,AV,128.91415659776862,2332.1820910964802,MIA
315971165.67608577,00000000-0000-0000-0000-000000019055,OTHERS,184.3216138223753,2335.195295106009,MIA
315971165.67608577,00000000-0000-0000-0000-000000019059,OTHERS,145.0677236077713,2326.8813432290713,MIA
315971165.67608577,00000000-0000-0000-0000-000000019067,OTHERS,154.71363648298947,2328.225749470159,MIA
315971165.67608577,00000000-0000-0000-0000-000000019072,AGENT,165.25276365705426,2332.840432603049,MIA
315971165.67608577,00000000-0000-0000-0000-000000019158,OTHERS,99.6144492395314,2321.269569408851,MIA
315971165.67608577,00000000-0000-0000-0000-000000019097,OTHERS,121.84437462655028,2327.091566455381,MIA
315971165.67608577,00000000-0000-0000-0000-000000019138,OTHERS,97.94392785995116,2324.749324350384,MIA
315971165.67608577,00000000-0000-0000-0000-000000019114,OTHERS,160.21433318611966,2335.6709604824036,MIA
315971165.67608577,00000000-0000-0000-0000-000000019093,OTHERS,135.71025559967242,2326.032394798484,MIA
315971165.7706043,00000000-0000-0000-0000-000000000000,AV,127.8761471409727,2332.1590902139387,MIA
315971165.7706043,00000000-0000-0000-0000-000000019093,OTHERS,136.0765702520224,2326.064468543777,MIA
315971165.7706043,00000000-0000-0000-0000-000000019055,OTHERS,184.91454751754227,2335.169134640595,MIA
315971165.7706043,00000000-0000-0000-0000-000000019059,OTHERS,145.29040438114055,2326.8676707318186,MIA
315971165.7706043,00000000-0000-0000-0000-000000019138,OTHERS,98.65651080211045,2324.932921878165,MIA
315971165.7706043,00000000-0000-0000-0000-000000019097,OTHERS,122.55939841735008,2327.152476841498,MIA
315971165.7706043,00000000-0000-0000-0000-000000019114,OTHERS,159.10422016421722,2335.4664777082794,MIA
315971165.7706043,00000000-0000-0000-0000-000000019158,OTHERS,100.79693928140672,2321.278268975939,MIA
315971165.7706043,00000000-0000-0000-0000-000000019072,AGENT,165.579742145052,2332.849809532041,MIA
315971165.7706043,00000000-0000-0000-0000-000000019067,OTHERS,154.9825480751187,2328.36485579487,MIA
315971165.87259734,00000000-0000-0000-0000-000000000000,AV,126.83626115573685,2332.1370373808263,MIA
315971165.87259734,00000000-0000-0000-0000-000000019093,OTHERS,136.43669220186607,2326.0493235695512,MIA
315971165.87259734,00000000-0000-0000-0000-000000019055,OTHERS,185.51416382093743,2335.2416887451363,MIA
315971165.87259734,00000000-0000-0000-0000-000000019059,OTHERS,145.517505738801,2326.907210824833,MIA
315971165.87259734,00000000-0000-0000-0000-000000019138,OTHERS,99.60744090667193,2324.783829664096,MIA
315971165.87259734,00000000-0000-0000-0000-000000019097,OTHERS,123.34181328103905,2327.241846163759,MIA
315971165.87259734,00000000-0000-0000-0000-000000019114,OTHERS,157.85430926166902,2335.020246040999,MIA
315971165.87259734,00000000-0000-0000-0000-000000019158,OTHERS,101.89174766181674,2321.3493230655945,MIA
315971165.87259734,00000000-0000-0000-0000-000000019072,AGENT,165.31691529609353,2332.7352509454,MIA
315971165.87259734,00000000-0000-0000-0000-000000019067,OTHERS,155.3499277713999,2328.4875837321715,MIA
315971165.97052205,00000000-0000-0000-0000-000000000000,AV,125.78328420473578,2332.1114182965584,MIA
315971165.97052205,00000000-0000-0000-0000-000000019093,OTHERS,136.60301914874532,2326.082475665933,MIA
315971165.97052205,00000000-0000-0000-0000-000000019055,OTHERS,186.1308521304417,2335.237333668245,MIA
315971165.97052205,00000000-0000-0000-0000-000000019059,OTHERS,145.7218021506473,2326.935997867566,MIA
315971165.97052205,00000000-0000-0000-0000-000000019067,OTHERS,155.6872284150185,2328.59065070433,MIA
315971165.97052205,00000000-0000-0000-0000-000000019097,OTHERS,123.95468488697328,2327.3215791278417,MIA
315971165.97052205,00000000-0000-0000-0000-000000019138,OTHERS,100.30029692833679,2325.002952654301,MIA
315971165.97052205,00000000-0000-0000-0000-000000019114,OTHERS,156.87129950029134,2334.950412532321,MIA
315971165.97052205,00000000-0000-0000-0000-000000019158,OTHERS,103.05403825945564,2321.3818850984053,MIA
315971165.97052205,00000000-0000-0000-0000-000000019072,AGENT,165.61385626659126,2332.810986526779,MIA
315971166.07294613,00000000-0000-0000-0000-000000000000,AV,124.62244103946821,2332.0894245868017,MIA
315971166.07294613,00000000-0000-0000-0000-000000019093,OTHERS,136.98213184742738,2326.087056706312,MIA
315971166.07294613,00000000-0000-0000-0000-000000019055,OTHERS,186.76093158683,2335.211426186735,MIA
315971166.07294613,00000000-0000-0000-0000-000000019059,OTHERS,146.03288030854682,2327.009354714871,MIA
315971166.07294613,00000000-0000-0000-0000-000000019067,OTHERS,156.0149678872769,2328.6886427334625,MIA
315971166.07294613,00000000-0000-0000-0000-000000019072,AGENT,166.1520158712911,2332.9129593145763,MIA
315971166.07294613,00000000-0000-0000-0000-000000019158,OTHERS,104.18011741112602,2321.4628389405607,MIA
315971166.07294613,00000000-0000-0000-0000-000000019097,OTHERS,124.69076842805372,2327.438024575672,MIA
315971166.07294613,00000000-0000-0000-0000-000000019138,OTHERS,100.82716444372862,2324.928846024649,MIA
315971166.07294613,00000000-0000-0000-0000-000000019114,OTHERS,155.54502962120358,2334.695042010858,MIA
315971166.1749509,00000000-0000-0000-0000-000000000000,AV,123.56497551941466,2332.0680598912068,MIA
315971166.1749509,00000000-0000-0000-0000-000000019093,OTHERS,137.24559186266217,2326.102965935794,MIA
315971166.1749509,00000000-0000-0000-0000-000000019055,OTHERS,187.32628075729664,2335.2041391395264,MIA
315971166.1749509,00000000-0000-0000-0000-000000019059,OTHERS,146.18791506872952,2327.049815927727,MIA
315971166.1749509,00000000-0000-0000-0000-000000019067,OTHERS,156.31894621163892,2328.891495563772,MIA
315971166.1749509,00000000-0000-0000-0000-000000019072,AGENT,166.327062495479,2332.9670492879554,MIA
315971166.1749509,00000000-0000-0000-0000-000000019158,OTHERS,105.3062795197172,2321.5175462030647,MIA
315971166.1749509,00000000-0000-0000-0000-000000019097,OTHERS,125.44307081607636,2327.5674378716703,MIA
315971166.1749509,00000000-0000-0000-0000-000000019138,OTHERS,101.96171469545206,2324.9263788225862,MIA
315971166.1749509,00000000-0000-0000-0000-000000019114,OTHERS,154.49356800217856,2334.5159911223614,MIA
315971166.27203465,00000000-0000-0000-0000-000000000000,AV,122.50235312827007,2332.0449772433344,MIA
315971166.27203465,00000000-0000-0000-0000-000000019093,OTHERS,137.55185732099304,2326.1243548277434,MIA
315971166.27203465,00000000-0000-0000-0000-000000019055,OTHERS,187.9406331184241,2335.3667423980137,MIA
315971166.27203465,00000000-0000-0000-0000-000000019059,OTHERS,146.41804173630075,2327.0759546450627,MIA
315971166.27203465,00000000-0000-0000-0000-000000019067,OTHERS,156.07730986253574,2328.698490781408,MIA
315971166.27203465,00000000-0000-0000-0000-000000019161,OTHERS,99.38244000613274,2325.3560209380207,MIA
315971166.27203465,00000000-0000-0000-0000-000000019072,AGENT,166.52834145586476,2333.033693379389,MIA
315971166.27203465,00000000-0000-0000-0000-000000019158,OTHERS,106.500227883534,2321.582782954856,MIA
315971166.27203465,00000000-0000-0000-0000-000000019097,OTHERS,125.72962893939196,2327.6490137064043,MIA
315971166.27203465,00000000-0000-0000-0000-000000019138,OTHERS,102.04081772411554,2324.936912778186,MIA
315971166.27203465,00000000-0000-0000-0000-000000019114,OTHERS,153.27461735888187,2334.353585471178,MIA
315971166.3779115,00000000-0000-0000-0000-000000000000,AV,121.32130025413956,2332.015622758295,MIA
315971166.3779115,00000000-0000-0000-0000-000000019093,OTHERS,137.8201505003402,2326.1188469578715,MIA
315971166.3779115,00000000-0000-0000-0000-000000019055,OTHERS,188.70590045536926,2335.295937292379,MIA
315971166.3779115,00000000-0000-0000-0000-000000019059,OTHERS,146.68436822160731,2327.118860907401,MIA
315971166.3779115,00000000-0000-0000-0000-000000019067,OTHERS,156.4366650983944,2328.8200229285435,MIA
315971166.3779115,00000000-0000-0000-0000-000000019161,OTHERS,101.610135383838,2324.700009620911,MIA
315971166.3779115,00000000-0000-0000-0000-000000019072,AGENT,166.88327426986592,2332.9743792892527,MIA
315971166.3779115,00000000-0000-0000-0000-000000019158,OTHERS,107.44659797400145,2321.6340017459383,MIA
315971166.3779115,00000000-0000-0000-0000-000000019097,OTHERS,126.37478700336004,2327.6165943455444,MIA
315971166.3779115,00000000-0000-0000-0000-000000019138,OTHERS,102.91572194346807,2325.077048402129,MIA
315971166.3779115,00000000-0000-0000-0000-000000019114,OTHERS,152.0178094855693,2334.096398699256,MIA
315971166.47413754,00000000-0000-0000-0000-000000000000,AV,120.25004164915758,2331.9905918471786,MIA
315971166.47413754,00000000-0000-0000-0000-000000019093,OTHERS,138.10025007632302,2326.163245821431,MIA
315971166.47413754,00000000-0000-0000-0000-000000019055,OTHERS,189.3976036236259,2335.3680415064027,MIA
315971166.47413754,00000000-0000-0000-0000-000000019059,OTHERS,146.93388275936738,2327.199342086144,MIA
315971166.47413754,00000000-0000-0000-0000-000000019067,OTHERS,156.6468020420171,2328.9807561275643,MIA
315971166.47413754,00000000-0000-0000-0000-000000019161,OTHERS,100.38153867111996,2325.747506864047,MIA
315971166.47413754,00000000-0000-0000-0000-000000019072,AGENT,167.41760156450962,2333.059095974768,MIA
315971166.47413754,00000000-0000-0000-0000-000000019158,OTHERS,108.62972437845616,2321.7182752108183,MIA
315971166.47413754,00000000-0000-0000-0000-000000019097,OTHERS,127.0550850241604,2327.710176593548,MIA
315971166.47413754,00000000-0000-0000-0000-000000019138,OTHERS,102.96542159437747,2325.0969321820057,MIA
315971166.47413754,00000000-0000-0000-0000-000000019114,OTHERS,150.7649577814624,2333.807629414413,MIA
315971166.5677546,00000000-0000-0000-0000-000000000000,AV,119.27381756025947,2331.962784717811,MIA
315971166.5677546,00000000-0000-0000-0000-000000019093,OTHERS,138.41975366571774,2326.2017666453194,MIA
315971166.5677546,00000000-0000-0000-0000-000000019055,OTHERS,189.99292246286407,2335.660805284041,MIA
315971166.5677546,00000000-0000-0000-0000-000000019059,OTHERS,147.02595062731538,2327.268147304985,MIA
315971166.5677546,00000000-0000-0000-0000-000000019067,OTHERS,156.9916014705635,2328.9442155661263,MIA
315971166.5677546,00000000-0000-0000-0000-000000019097,OTHERS,127.71659000013884,2327.795247933978,MIA
315971166.5677546,00000000-0000-0000-0000-000000019138,OTHERS,103.50603403422727,2325.2243213509914,MIA
315971166.5677546,00000000-0000-0000-0000-000000019114,OTHERS,149.54910593542633,2333.686636603773,MIA
315971166.5677546,00000000-0000-0000-0000-000000019158,OTHERS,109.74300493354708,2321.746040720407,MIA
315971166.5677546,00000000-0000-0000-0000-000000019072,AGENT,167.59163672298652,2332.9418348492204,MIA
315971166.66916573,00000000-0000-0000-0000-000000000000,AV,118.09948246214077,2331.935212144828,MIA
315971166.66916573,00000000-0000-0000-0000-000000019093,OTHERS,138.76885033981262,2326.273246189037,MIA
315971166.66916573,00000000-0000-0000-0000-000000019055,OTHERS,190.7129922467285,2335.855903429724,MIA
315971166.66916573,00000000-0000-0000-0000-000000019059,OTHERS,147.24699418675942,2327.288851645177,MIA
315971166.66916573,00000000-0000-0000-0000-000000019067,OTHERS,157.22411043559958,2329.103632443739,MIA
315971166.66916573,00000000-0000-0000-0000-000000019097,OTHERS,128.2107061943081,2327.8409850158787,MIA
315971166.66916573,00000000-0000-0000-0000-000000019138,OTHERS,104.19103660801196,2325.2430693670144,MIA
315971166.66916573,00000000-0000-0000-0000-000000019114,OTHERS,148.55273403195014,2333.530143532943,MIA
315971166.66916573,00000000-0000-0000-0000-000000019158,OTHERS,110.59179290502878,2321.744839752324,MIA
315971166.66916573,00000000-0000-0000-0000-000000019072,AGENT,167.99133068475956,2333.019389248325,MIA
315971166.7716736,00000000-0000-0000-0000-000000000000,AV,117.02140341910946,2331.903355230012,MIA
315971166.7716736,00000000-0000-0000-0000-000000019093,OTHERS,139.02891537876687,2326.39123323512,MIA
315971166.7716736,00000000-0000-0000-0000-000000019055,OTHERS,191.37685760521217,2335.8505354092404,MIA
315971166.7716736,00000000-0000-0000-0000-000000019059,OTHERS,147.43165736302888,2327.3998921345865,MIA
315971166.7716736,00000000-0000-0000-0000-000000019067,OTHERS,157.61100131619963,2329.098743389706,MIA
315971166.7716736,00000000-0000-0000-0000-000000019097,OTHERS,128.89494931672618,2327.920797838389,MIA
315971166.7716736,00000000-0000-0000-0000-000000019162,OTHERS,53.59943792979775,2316.791278543365,MIA
315971166.7716736,00000000-0000-0000-0000-000000019138,OTHERS,104.72430007037586,2325.2556233493074,MIA
315971166.7716736,00000000-0000-0000-0000-000000019114,OTHERS,147.23880365453158,2333.4010567178616,MIA
315971166.7716736,00000000-0000-0000-0000-000000019158,OTHERS,111.92135879457949,2321.9711082591557,MIA
315971166.7716736,00000000-0000-0000-0000-000000019072,AGENT,168.31280191876652,2332.9142612250475,MIA
315971166.867937,00000000-0000-0000-0000-000000000000,AV,115.93517312898243,2331.8737324511285,MIA
315971166.867937,00000000-0000-0000-0000-000000019093,OTHERS,139.5559359833584,2326.4080158106462,MIA
315971166.867937,00000000-0000-0000-0000-000000019055,OTHERS,192.0846772973281,2335.858794665219,MIA
315971166.867937,00000000-0000-0000-0000-000000019059,OTHERS,147.76813120180296,2327.3820066401377,MIA
315971166.867937,00000000-0000-0000-0000-000000019067,OTHERS,157.974378004305,2329.5263824166877,MIA
315971166.867937,00000000-0000-0000-0000-000000019097,OTHERS,129.5169925166372,2328.0178725747546,MIA
315971166.867937,00000000-0000-0000-0000-000000019162,OTHERS,53.306696745988035,2316.871047215689,MIA
315971166.867937,00000000-0000-0000-0000-000000019138,OTHERS,105.54529874793973,2325.334933283901,MIA
315971166.867937,00000000-0000-0000-0000-000000019114,OTHERS,146.00436569330617,2333.212297789151,MIA
315971166.867937,00000000-0000-0000-0000-000000019158,OTHERS,112.79594530406011,2321.88495332316,MIA
315971166.867937,00000000-0000-0000-0000-000000019072,AGENT,168.72834584729392,2332.827940484944,MIA
315971166.96570665,00000000-0000-0000-0000-000000000000,AV,114.85946739562813,2331.8421320985462,MIA
315971166.96570665,00000000-0000-0000-0000-000000019093,OTHERS,139.59103759855958,2326.3643264227044,MIA
315971166.96570665,00000000-0000-0000-0000-000000019055,OTHERS,192.83999076107742,2335.7617609216245,MIA
315971166.96570665,00000000-0000-0000-0000-000000019059,OTHERS,147.87035920823618,2327.478086896024,MIA
315971166.96570665,00000000-0000-0000-0000-000000019067,OTHERS,158.452246216922,2329.5230603657365,MIA
315971166.96570665,00000000-0000-0000-0000-000000019097,OTHERS,130.01441331064927,2328.04873681358,MIA
315971166.96570665,00000000-0000-0000-0000-000000019162,OTHERS,53.306696745988035,2316.871047215689,MIA
315971166.96570665,00000000-0000-0000-0000-000000019138,OTHERS,106.00210872620528,2325.303191384252,MIA
315971166.96570665,00000000-0000-0000-0000-000000019114,OTHERS,144.74502825326118,2333.0468546966267,MIA
315971166.96570665,00000000-0000-0000-0000-000000019158,OTHERS,113.65446967524734,2321.980519701175,MIA
315971166.96570665,00000000-0000-0000-0000-000000019072,AGENT,168.72834583621113,2332.8279404855357,MIA
